"COU","Country","SCE","Scenario","INDIC","Indicator","YEA","Year","Value","Flag Codes","Flags"
"AUS","Australia","LOW","Low interest and inflation rates","COMPOSITE_EATR","Composite Effective Average Tax Rate","2017","2017",28.118,,
"AUS","Australia","LOW","Low interest and inflation rates","COMPOSITE_EATR","Composite Effective Average Tax Rate","2018","2018",28.118,,
"AUS","Australia","LOW","Low interest and inflation rates","COMPOSITE_EATR","Composite Effective Average Tax Rate","2019","2019",28.118,,
"AUS","Australia","LOW","Low interest and inflation rates","COMPOSITE_EATR","Composite Effective Average Tax Rate","2020","2020",28.118,,
"AUS","Australia","LOW","Low interest and inflation rates","COMPOSITE_EMTR","Composite Effective Marginal Tax Rate","2017","2017",14.851,,
"AUS","Australia","LOW","Low interest and inflation rates","COMPOSITE_EMTR","Composite Effective Marginal Tax Rate","2018","2018",14.851,,
"AUS","Australia","LOW","Low interest and inflation rates","COMPOSITE_EMTR","Composite Effective Marginal Tax Rate","2019","2019",14.851,,
"AUS","Australia","LOW","Low interest and inflation rates","COMPOSITE_EMTR","Composite Effective Marginal Tax Rate","2020","2020",14.851,,
"AUT","Austria","LOW","Low interest and inflation rates","COMPOSITE_EATR","Composite Effective Average Tax Rate","2017","2017",24.006,,
"AUT","Austria","LOW","Low interest and inflation rates","COMPOSITE_EATR","Composite Effective Average Tax Rate","2018","2018",24.006,,
"AUT","Austria","LOW","Low interest and inflation rates","COMPOSITE_EATR","Composite Effective Average Tax Rate","2019","2019",24.006,,
"AUT","Austria","LOW","Low interest and inflation rates","COMPOSITE_EATR","Composite Effective Average Tax Rate","2020","2020",23.442,,
"AUT","Austria","LOW","Low interest and inflation rates","COMPOSITE_EMTR","Composite Effective Marginal Tax Rate","2017","2017",16.68,,
"AUT","Austria","LOW","Low interest and inflation rates","COMPOSITE_EMTR","Composite Effective Marginal Tax Rate","2018","2018",16.68,,
"AUT","Austria","LOW","Low interest and inflation rates","COMPOSITE_EMTR","Composite Effective Marginal Tax Rate","2019","2019",16.68,,
"AUT","Austria","LOW","Low interest and inflation rates","COMPOSITE_EMTR","Composite Effective Marginal Tax Rate","2020","2020",12.582,,
"BEL","Belgium","LOW","Low interest and inflation rates","COMPOSITE_EATR","Composite Effective Average Tax Rate","2017","2017",27.369,,
"BEL","Belgium","LOW","Low interest and inflation rates","COMPOSITE_EATR","Composite Effective Average Tax Rate","2018","2018",23.818,,
"BEL","Belgium","LOW","Low interest and inflation rates","COMPOSITE_EATR","Composite Effective Average Tax Rate","2019","2019",23.818,,
"BEL","Belgium","LOW","Low interest and inflation rates","COMPOSITE_EATR","Composite Effective Average Tax Rate","2020","2020",20.29,,
"BEL","Belgium","LOW","Low interest and inflation rates","COMPOSITE_EMTR","Composite Effective Marginal Tax Rate","2017","2017",-26.291,,
"BEL","Belgium","LOW","Low interest and inflation rates","COMPOSITE_EMTR","Composite Effective Marginal Tax Rate","2018","2018",-19.129,,
"BEL","Belgium","LOW","Low interest and inflation rates","COMPOSITE_EMTR","Composite Effective Marginal Tax Rate","2019","2019",-19.129,,
"BEL","Belgium","LOW","Low interest and inflation rates","COMPOSITE_EMTR","Composite Effective Marginal Tax Rate","2020","2020",-11.689,,
"CAN","Canada","LOW","Low interest and inflation rates","COMPOSITE_EATR","Composite Effective Average Tax Rate","2017","2017",24.502,,
"CAN","Canada","LOW","Low interest and inflation rates","COMPOSITE_EATR","Composite Effective Average Tax Rate","2018","2018",24.64,,
"CAN","Canada","LOW","Low interest and inflation rates","COMPOSITE_EATR","Composite Effective Average Tax Rate","2019","2019",24.177,,
"CAN","Canada","LOW","Low interest and inflation rates","COMPOSITE_EATR","Composite Effective Average Tax Rate","2020","2020",23.75,,
"CAN","Canada","LOW","Low interest and inflation rates","COMPOSITE_EMTR","Composite Effective Marginal Tax Rate","2017","2017",9.695,,
"CAN","Canada","LOW","Low interest and inflation rates","COMPOSITE_EMTR","Composite Effective Marginal Tax Rate","2018","2018",9.724,,
"CAN","Canada","LOW","Low interest and inflation rates","COMPOSITE_EMTR","Composite Effective Marginal Tax Rate","2019","2019",7.086,,
"CAN","Canada","LOW","Low interest and inflation rates","COMPOSITE_EMTR","Composite Effective Marginal Tax Rate","2020","2020",7.064,,
"CZE","Czech Republic","LOW","Low interest and inflation rates","COMPOSITE_EATR","Composite Effective Average Tax Rate","2017","2017",17.947,,
"CZE","Czech Republic","LOW","Low interest and inflation rates","COMPOSITE_EATR","Composite Effective Average Tax Rate","2018","2018",17.947,,
"CZE","Czech Republic","LOW","Low interest and inflation rates","COMPOSITE_EATR","Composite Effective Average Tax Rate","2019","2019",17.947,,
"CZE","Czech Republic","LOW","Low interest and inflation rates","COMPOSITE_EATR","Composite Effective Average Tax Rate","2020","2020",18.345,,
"CZE","Czech Republic","LOW","Low interest and inflation rates","COMPOSITE_EMTR","Composite Effective Marginal Tax Rate","2017","2017",10.251,,
"CZE","Czech Republic","LOW","Low interest and inflation rates","COMPOSITE_EMTR","Composite Effective Marginal Tax Rate","2018","2018",10.251,,
"CZE","Czech Republic","LOW","Low interest and inflation rates","COMPOSITE_EMTR","Composite Effective Marginal Tax Rate","2019","2019",10.251,,
"CZE","Czech Republic","LOW","Low interest and inflation rates","COMPOSITE_EMTR","Composite Effective Marginal Tax Rate","2020","2020",13.138,,
"DNK","Denmark","LOW","Low interest and inflation rates","COMPOSITE_EATR","Composite Effective Average Tax Rate","2017","2017",20.266,,
"DNK","Denmark","LOW","Low interest and inflation rates","COMPOSITE_EATR","Composite Effective Average Tax Rate","2018","2018",20.266,,
"DNK","Denmark","LOW","Low interest and inflation rates","COMPOSITE_EATR","Composite Effective Average Tax Rate","2019","2019",20.266,,
"DNK","Denmark","LOW","Low interest and inflation rates","COMPOSITE_EATR","Composite Effective Average Tax Rate","2020","2020",20.266,,
"DNK","Denmark","LOW","Low interest and inflation rates","COMPOSITE_EMTR","Composite Effective Marginal Tax Rate","2017","2017",8.404,,
"DNK","Denmark","LOW","Low interest and inflation rates","COMPOSITE_EMTR","Composite Effective Marginal Tax Rate","2018","2018",8.404,,
"DNK","Denmark","LOW","Low interest and inflation rates","COMPOSITE_EMTR","Composite Effective Marginal Tax Rate","2019","2019",8.404,,
"DNK","Denmark","LOW","Low interest and inflation rates","COMPOSITE_EMTR","Composite Effective Marginal Tax Rate","2020","2020",8.404,,
"FIN","Finland","LOW","Low interest and inflation rates","COMPOSITE_EATR","Composite Effective Average Tax Rate","2017","2017",19.976,,
"FIN","Finland","LOW","Low interest and inflation rates","COMPOSITE_EATR","Composite Effective Average Tax Rate","2018","2018",19.976,,
"FIN","Finland","LOW","Low interest and inflation rates","COMPOSITE_EATR","Composite Effective Average Tax Rate","2019","2019",19.976,,
"FIN","Finland","LOW","Low interest and inflation rates","COMPOSITE_EATR","Composite Effective Average Tax Rate","2020","2020",19.798,,
"FIN","Finland","LOW","Low interest and inflation rates","COMPOSITE_EMTR","Composite Effective Marginal Tax Rate","2017","2017",16.272,,
"FIN","Finland","LOW","Low interest and inflation rates","COMPOSITE_EMTR","Composite Effective Marginal Tax Rate","2018","2018",16.272,,
"FIN","Finland","LOW","Low interest and inflation rates","COMPOSITE_EMTR","Composite Effective Marginal Tax Rate","2019","2019",16.272,,
"FIN","Finland","LOW","Low interest and inflation rates","COMPOSITE_EMTR","Composite Effective Marginal Tax Rate","2020","2020",15.036,,
"FRA","France","LOW","Low interest and inflation rates","COMPOSITE_EATR","Composite Effective Average Tax Rate","2017","2017",40.845,,
"FRA","France","LOW","Low interest and inflation rates","COMPOSITE_EATR","Composite Effective Average Tax Rate","2018","2018",31.653,,
"FRA","France","LOW","Low interest and inflation rates","COMPOSITE_EATR","Composite Effective Average Tax Rate","2019","2019",31.653,,
"FRA","France","LOW","Low interest and inflation rates","COMPOSITE_EATR","Composite Effective Average Tax Rate","2020","2020",29.437,,
"FRA","France","LOW","Low interest and inflation rates","COMPOSITE_EMTR","Composite Effective Marginal Tax Rate","2017","2017",8.576,,
"FRA","France","LOW","Low interest and inflation rates","COMPOSITE_EMTR","Composite Effective Marginal Tax Rate","2018","2018",9.917,,
"FRA","France","LOW","Low interest and inflation rates","COMPOSITE_EMTR","Composite Effective Marginal Tax Rate","2019","2019",9.917,,
"FRA","France","LOW","Low interest and inflation rates","COMPOSITE_EMTR","Composite Effective Marginal Tax Rate","2020","2020",10.05,,
"DEU","Germany","LOW","Low interest and inflation rates","COMPOSITE_EATR","Composite Effective Average Tax Rate","2017","2017",28.254,,
"DEU","Germany","LOW","Low interest and inflation rates","COMPOSITE_EATR","Composite Effective Average Tax Rate","2018","2018",28.323,,
"DEU","Germany","LOW","Low interest and inflation rates","COMPOSITE_EATR","Composite Effective Average Tax Rate","2019","2019",28.323,,
"DEU","Germany","LOW","Low interest and inflation rates","COMPOSITE_EATR","Composite Effective Average Tax Rate","2020","2020",28.033,,
"DEU","Germany","LOW","Low interest and inflation rates","COMPOSITE_EMTR","Composite Effective Marginal Tax Rate","2017","2017",16.848,,
"DEU","Germany","LOW","Low interest and inflation rates","COMPOSITE_EMTR","Composite Effective Marginal Tax Rate","2018","2018",16.88,,
"DEU","Germany","LOW","Low interest and inflation rates","COMPOSITE_EMTR","Composite Effective Marginal Tax Rate","2019","2019",16.88,,
"DEU","Germany","LOW","Low interest and inflation rates","COMPOSITE_EMTR","Composite Effective Marginal Tax Rate","2020","2020",14.954,,
"GRC","Greece","LOW","Low interest and inflation rates","COMPOSITE_EATR","Composite Effective Average Tax Rate","2017","2017",27.745,,
"GRC","Greece","LOW","Low interest and inflation rates","COMPOSITE_EATR","Composite Effective Average Tax Rate","2018","2018",27.745,,
"GRC","Greece","LOW","Low interest and inflation rates","COMPOSITE_EATR","Composite Effective Average Tax Rate","2019","2019",22.962,,
"GRC","Greece","LOW","Low interest and inflation rates","COMPOSITE_EATR","Composite Effective Average Tax Rate","2020","2020",22.962,,
"GRC","Greece","LOW","Low interest and inflation rates","COMPOSITE_EMTR","Composite Effective Marginal Tax Rate","2017","2017",17.849,,
"GRC","Greece","LOW","Low interest and inflation rates","COMPOSITE_EMTR","Composite Effective Marginal Tax Rate","2018","2018",17.849,,
"GRC","Greece","LOW","Low interest and inflation rates","COMPOSITE_EMTR","Composite Effective Marginal Tax Rate","2019","2019",15.26,,
"GRC","Greece","LOW","Low interest and inflation rates","COMPOSITE_EMTR","Composite Effective Marginal Tax Rate","2020","2020",15.26,,
"HUN","Hungary","LOW","Low interest and inflation rates","COMPOSITE_EATR","Composite Effective Average Tax Rate","2017","2017",10.185,,
"HUN","Hungary","LOW","Low interest and inflation rates","COMPOSITE_EATR","Composite Effective Average Tax Rate","2018","2018",10.185,,
"HUN","Hungary","LOW","Low interest and inflation rates","COMPOSITE_EATR","Composite Effective Average Tax Rate","2019","2019",10.185,,
"HUN","Hungary","LOW","Low interest and inflation rates","COMPOSITE_EATR","Composite Effective Average Tax Rate","2020","2020",10.185,,
"HUN","Hungary","LOW","Low interest and inflation rates","COMPOSITE_EMTR","Composite Effective Marginal Tax Rate","2017","2017",4.674,,
"HUN","Hungary","LOW","Low interest and inflation rates","COMPOSITE_EMTR","Composite Effective Marginal Tax Rate","2018","2018",4.674,,
"HUN","Hungary","LOW","Low interest and inflation rates","COMPOSITE_EMTR","Composite Effective Marginal Tax Rate","2019","2019",4.674,,
"HUN","Hungary","LOW","Low interest and inflation rates","COMPOSITE_EMTR","Composite Effective Marginal Tax Rate","2020","2020",4.674,,
"ISL","Iceland","LOW","Low interest and inflation rates","COMPOSITE_EATR","Composite Effective Average Tax Rate","2017","2017",19.082,,
"ISL","Iceland","LOW","Low interest and inflation rates","COMPOSITE_EATR","Composite Effective Average Tax Rate","2018","2018",19.082,,
"ISL","Iceland","LOW","Low interest and inflation rates","COMPOSITE_EATR","Composite Effective Average Tax Rate","2019","2019",19.082,,
"ISL","Iceland","LOW","Low interest and inflation rates","COMPOSITE_EATR","Composite Effective Average Tax Rate","2020","2020",19.082,,
"ISL","Iceland","LOW","Low interest and inflation rates","COMPOSITE_EMTR","Composite Effective Marginal Tax Rate","2017","2017",12.507,,
"ISL","Iceland","LOW","Low interest and inflation rates","COMPOSITE_EMTR","Composite Effective Marginal Tax Rate","2018","2018",12.507,,
"ISL","Iceland","LOW","Low interest and inflation rates","COMPOSITE_EMTR","Composite Effective Marginal Tax Rate","2019","2019",12.507,,
"ISL","Iceland","LOW","Low interest and inflation rates","COMPOSITE_EMTR","Composite Effective Marginal Tax Rate","2020","2020",12.507,,
"IRL","Ireland","LOW","Low interest and inflation rates","COMPOSITE_EATR","Composite Effective Average Tax Rate","2017","2017",12.358,,
"IRL","Ireland","LOW","Low interest and inflation rates","COMPOSITE_EATR","Composite Effective Average Tax Rate","2018","2018",12.358,,
"IRL","Ireland","LOW","Low interest and inflation rates","COMPOSITE_EATR","Composite Effective Average Tax Rate","2019","2019",12.358,,
"IRL","Ireland","LOW","Low interest and inflation rates","COMPOSITE_EATR","Composite Effective Average Tax Rate","2020","2020",12.358,,
"IRL","Ireland","LOW","Low interest and inflation rates","COMPOSITE_EMTR","Composite Effective Marginal Tax Rate","2017","2017",10.507,,
"IRL","Ireland","LOW","Low interest and inflation rates","COMPOSITE_EMTR","Composite Effective Marginal Tax Rate","2018","2018",10.507,,
"IRL","Ireland","LOW","Low interest and inflation rates","COMPOSITE_EMTR","Composite Effective Marginal Tax Rate","2019","2019",10.507,,
"IRL","Ireland","LOW","Low interest and inflation rates","COMPOSITE_EMTR","Composite Effective Marginal Tax Rate","2020","2020",10.507,,
"ITA","Italy","LOW","Low interest and inflation rates","COMPOSITE_EATR","Composite Effective Average Tax Rate","2017","2017",20.24,,
"ITA","Italy","LOW","Low interest and inflation rates","COMPOSITE_EATR","Composite Effective Average Tax Rate","2018","2018",20.871,,
"ITA","Italy","LOW","Low interest and inflation rates","COMPOSITE_EATR","Composite Effective Average Tax Rate","2019","2019",20.871,,
"ITA","Italy","LOW","Low interest and inflation rates","COMPOSITE_EATR","Composite Effective Average Tax Rate","2020","2020",21.339,,
"ITA","Italy","LOW","Low interest and inflation rates","COMPOSITE_EMTR","Composite Effective Marginal Tax Rate","2017","2017",-46.184,,
"ITA","Italy","LOW","Low interest and inflation rates","COMPOSITE_EMTR","Composite Effective Marginal Tax Rate","2018","2018",-42.408,,
"ITA","Italy","LOW","Low interest and inflation rates","COMPOSITE_EMTR","Composite Effective Marginal Tax Rate","2019","2019",-42.408,,
"ITA","Italy","LOW","Low interest and inflation rates","COMPOSITE_EMTR","Composite Effective Marginal Tax Rate","2020","2020",-30.439,,
"JPN","Japan","LOW","Low interest and inflation rates","COMPOSITE_EATR","Composite Effective Average Tax Rate","2017","2017",29.603,,
"JPN","Japan","LOW","Low interest and inflation rates","COMPOSITE_EATR","Composite Effective Average Tax Rate","2018","2018",29.376,,
"JPN","Japan","LOW","Low interest and inflation rates","COMPOSITE_EATR","Composite Effective Average Tax Rate","2019","2019",29.376,,
"JPN","Japan","LOW","Low interest and inflation rates","COMPOSITE_EATR","Composite Effective Average Tax Rate","2020","2020",29.376,,
"JPN","Japan","LOW","Low interest and inflation rates","COMPOSITE_EMTR","Composite Effective Marginal Tax Rate","2017","2017",23.543,,
"JPN","Japan","LOW","Low interest and inflation rates","COMPOSITE_EMTR","Composite Effective Marginal Tax Rate","2018","2018",23.393,,
"JPN","Japan","LOW","Low interest and inflation rates","COMPOSITE_EMTR","Composite Effective Marginal Tax Rate","2019","2019",23.393,,
"JPN","Japan","LOW","Low interest and inflation rates","COMPOSITE_EMTR","Composite Effective Marginal Tax Rate","2020","2020",23.393,,
"KOR","Korea","LOW","Low interest and inflation rates","COMPOSITE_EATR","Composite Effective Average Tax Rate","2017","2017",22.796,,
"KOR","Korea","LOW","Low interest and inflation rates","COMPOSITE_EATR","Composite Effective Average Tax Rate","2018","2018",25.905,,
"KOR","Korea","LOW","Low interest and inflation rates","COMPOSITE_EATR","Composite Effective Average Tax Rate","2019","2019",25.905,,
"KOR","Korea","LOW","Low interest and inflation rates","COMPOSITE_EATR","Composite Effective Average Tax Rate","2020","2020",25.905,,
"KOR","Korea","LOW","Low interest and inflation rates","COMPOSITE_EMTR","Composite Effective Marginal Tax Rate","2017","2017",12.576,,
"KOR","Korea","LOW","Low interest and inflation rates","COMPOSITE_EMTR","Composite Effective Marginal Tax Rate","2018","2018",13.746,,
"KOR","Korea","LOW","Low interest and inflation rates","COMPOSITE_EMTR","Composite Effective Marginal Tax Rate","2019","2019",13.746,,
"KOR","Korea","LOW","Low interest and inflation rates","COMPOSITE_EMTR","Composite Effective Marginal Tax Rate","2020","2020",13.746,,
"LUX","Luxembourg","LOW","Low interest and inflation rates","COMPOSITE_EATR","Composite Effective Average Tax Rate","2017","2017",25.229,,
"LUX","Luxembourg","LOW","Low interest and inflation rates","COMPOSITE_EATR","Composite Effective Average Tax Rate","2018","2018",24.232,,
"LUX","Luxembourg","LOW","Low interest and inflation rates","COMPOSITE_EATR","Composite Effective Average Tax Rate","2019","2019",23.235,,
"LUX","Luxembourg","LOW","Low interest and inflation rates","COMPOSITE_EATR","Composite Effective Average Tax Rate","2020","2020",23.235,,
"LUX","Luxembourg","LOW","Low interest and inflation rates","COMPOSITE_EMTR","Composite Effective Marginal Tax Rate","2017","2017",12.685,,
"LUX","Luxembourg","LOW","Low interest and inflation rates","COMPOSITE_EMTR","Composite Effective Marginal Tax Rate","2018","2018",12.303,,
"LUX","Luxembourg","LOW","Low interest and inflation rates","COMPOSITE_EMTR","Composite Effective Marginal Tax Rate","2019","2019",11.906,,
"LUX","Luxembourg","LOW","Low interest and inflation rates","COMPOSITE_EMTR","Composite Effective Marginal Tax Rate","2020","2020",11.906,,
"MEX","Mexico","LOW","Low interest and inflation rates","COMPOSITE_EATR","Composite Effective Average Tax Rate","2017","2017",30.068,,
"MEX","Mexico","LOW","Low interest and inflation rates","COMPOSITE_EATR","Composite Effective Average Tax Rate","2018","2018",30.068,,
"MEX","Mexico","LOW","Low interest and inflation rates","COMPOSITE_EATR","Composite Effective Average Tax Rate","2019","2019",30.068,,
"MEX","Mexico","LOW","Low interest and inflation rates","COMPOSITE_EATR","Composite Effective Average Tax Rate","2020","2020",30.068,,
"MEX","Mexico","LOW","Low interest and inflation rates","COMPOSITE_EMTR","Composite Effective Marginal Tax Rate","2017","2017",15.718,,
"MEX","Mexico","LOW","Low interest and inflation rates","COMPOSITE_EMTR","Composite Effective Marginal Tax Rate","2018","2018",15.718,,
"MEX","Mexico","LOW","Low interest and inflation rates","COMPOSITE_EMTR","Composite Effective Marginal Tax Rate","2019","2019",15.718,,
"MEX","Mexico","LOW","Low interest and inflation rates","COMPOSITE_EMTR","Composite Effective Marginal Tax Rate","2020","2020",15.718,,
"NLD","Netherlands","LOW","Low interest and inflation rates","COMPOSITE_EATR","Composite Effective Average Tax Rate","2017","2017",23.144,,
"NLD","Netherlands","LOW","Low interest and inflation rates","COMPOSITE_EATR","Composite Effective Average Tax Rate","2018","2018",23.144,,
"NLD","Netherlands","LOW","Low interest and inflation rates","COMPOSITE_EATR","Composite Effective Average Tax Rate","2019","2019",23.712,,
"NLD","Netherlands","LOW","Low interest and inflation rates","COMPOSITE_EATR","Composite Effective Average Tax Rate","2020","2020",23.712,,
"NLD","Netherlands","LOW","Low interest and inflation rates","COMPOSITE_EMTR","Composite Effective Marginal Tax Rate","2017","2017",10.55,,
"NLD","Netherlands","LOW","Low interest and inflation rates","COMPOSITE_EMTR","Composite Effective Marginal Tax Rate","2018","2018",10.55,,
"NLD","Netherlands","LOW","Low interest and inflation rates","COMPOSITE_EMTR","Composite Effective Marginal Tax Rate","2019","2019",14.212,,
"NLD","Netherlands","LOW","Low interest and inflation rates","COMPOSITE_EMTR","Composite Effective Marginal Tax Rate","2020","2020",14.212,,
"NZL","New Zealand","LOW","Low interest and inflation rates","COMPOSITE_EATR","Composite Effective Average Tax Rate","2017","2017",27.878,,
"NZL","New Zealand","LOW","Low interest and inflation rates","COMPOSITE_EATR","Composite Effective Average Tax Rate","2018","2018",27.878,,
"NZL","New Zealand","LOW","Low interest and inflation rates","COMPOSITE_EATR","Composite Effective Average Tax Rate","2019","2019",27.878,,
"NZL","New Zealand","LOW","Low interest and inflation rates","COMPOSITE_EATR","Composite Effective Average Tax Rate","2020","2020",27.147,,
"NZL","New Zealand","LOW","Low interest and inflation rates","COMPOSITE_EMTR","Composite Effective Marginal Tax Rate","2017","2017",23.462,,
"NZL","New Zealand","LOW","Low interest and inflation rates","COMPOSITE_EMTR","Composite Effective Marginal Tax Rate","2018","2018",23.462,,
"NZL","New Zealand","LOW","Low interest and inflation rates","COMPOSITE_EMTR","Composite Effective Marginal Tax Rate","2019","2019",23.462,,
"NZL","New Zealand","LOW","Low interest and inflation rates","COMPOSITE_EMTR","Composite Effective Marginal Tax Rate","2020","2020",20.121,,
"NOR","Norway","LOW","Low interest and inflation rates","COMPOSITE_EATR","Composite Effective Average Tax Rate","2017","2017",22.348,,
"NOR","Norway","LOW","Low interest and inflation rates","COMPOSITE_EATR","Composite Effective Average Tax Rate","2018","2018",21.417,,
"NOR","Norway","LOW","Low interest and inflation rates","COMPOSITE_EATR","Composite Effective Average Tax Rate","2019","2019",20.486,,
"NOR","Norway","LOW","Low interest and inflation rates","COMPOSITE_EATR","Composite Effective Average Tax Rate","2020","2020",20.455,,
"NOR","Norway","LOW","Low interest and inflation rates","COMPOSITE_EMTR","Composite Effective Marginal Tax Rate","2017","2017",10.943,,
"NOR","Norway","LOW","Low interest and inflation rates","COMPOSITE_EMTR","Composite Effective Marginal Tax Rate","2018","2018",10.608,,
"NOR","Norway","LOW","Low interest and inflation rates","COMPOSITE_EMTR","Composite Effective Marginal Tax Rate","2019","2019",10.258,,
"NOR","Norway","LOW","Low interest and inflation rates","COMPOSITE_EMTR","Composite Effective Marginal Tax Rate","2020","2020",10.035,,
"POL","Poland","LOW","Low interest and inflation rates","COMPOSITE_EATR","Composite Effective Average Tax Rate","2017","2017",18.01,,
"POL","Poland","LOW","Low interest and inflation rates","COMPOSITE_EATR","Composite Effective Average Tax Rate","2018","2018",18.01,,
"POL","Poland","LOW","Low interest and inflation rates","COMPOSITE_EATR","Composite Effective Average Tax Rate","2019","2019",15.546,,
"POL","Poland","LOW","Low interest and inflation rates","COMPOSITE_EATR","Composite Effective Average Tax Rate","2020","2020",15.546,,
"POL","Poland","LOW","Low interest and inflation rates","COMPOSITE_EMTR","Composite Effective Marginal Tax Rate","2017","2017",11.296,,
"POL","Poland","LOW","Low interest and inflation rates","COMPOSITE_EMTR","Composite Effective Marginal Tax Rate","2018","2018",11.296,,
"POL","Poland","LOW","Low interest and inflation rates","COMPOSITE_EMTR","Composite Effective Marginal Tax Rate","2019","2019",-5.834,,
"POL","Poland","LOW","Low interest and inflation rates","COMPOSITE_EMTR","Composite Effective Marginal Tax Rate","2020","2020",-5.834,,
"PRT","Portugal","LOW","Low interest and inflation rates","COMPOSITE_EATR","Composite Effective Average Tax Rate","2017","2017",23.409,,
"PRT","Portugal","LOW","Low interest and inflation rates","COMPOSITE_EATR","Composite Effective Average Tax Rate","2018","2018",24.996,,
"PRT","Portugal","LOW","Low interest and inflation rates","COMPOSITE_EATR","Composite Effective Average Tax Rate","2019","2019",24.996,,
"PRT","Portugal","LOW","Low interest and inflation rates","COMPOSITE_EATR","Composite Effective Average Tax Rate","2020","2020",24.996,,
"PRT","Portugal","LOW","Low interest and inflation rates","COMPOSITE_EMTR","Composite Effective Marginal Tax Rate","2017","2017",-21.651,,
"PRT","Portugal","LOW","Low interest and inflation rates","COMPOSITE_EMTR","Composite Effective Marginal Tax Rate","2018","2018",-24.787,,
"PRT","Portugal","LOW","Low interest and inflation rates","COMPOSITE_EMTR","Composite Effective Marginal Tax Rate","2019","2019",-24.787,,
"PRT","Portugal","LOW","Low interest and inflation rates","COMPOSITE_EMTR","Composite Effective Marginal Tax Rate","2020","2020",-24.787,,
"SVK","Slovak Republic","LOW","Low interest and inflation rates","COMPOSITE_EATR","Composite Effective Average Tax Rate","2017","2017",19.332,,
"SVK","Slovak Republic","LOW","Low interest and inflation rates","COMPOSITE_EATR","Composite Effective Average Tax Rate","2018","2018",19.332,,
"SVK","Slovak Republic","LOW","Low interest and inflation rates","COMPOSITE_EATR","Composite Effective Average Tax Rate","2019","2019",19.332,,
"SVK","Slovak Republic","LOW","Low interest and inflation rates","COMPOSITE_EATR","Composite Effective Average Tax Rate","2020","2020",19.332,,
"SVK","Slovak Republic","LOW","Low interest and inflation rates","COMPOSITE_EMTR","Composite Effective Marginal Tax Rate","2017","2017",8.591,,
"SVK","Slovak Republic","LOW","Low interest and inflation rates","COMPOSITE_EMTR","Composite Effective Marginal Tax Rate","2018","2018",8.591,,
"SVK","Slovak Republic","LOW","Low interest and inflation rates","COMPOSITE_EMTR","Composite Effective Marginal Tax Rate","2019","2019",8.591,,
"SVK","Slovak Republic","LOW","Low interest and inflation rates","COMPOSITE_EMTR","Composite Effective Marginal Tax Rate","2020","2020",8.591,,
"ESP","Spain","LOW","Low interest and inflation rates","COMPOSITE_EATR","Composite Effective Average Tax Rate","2017","2017",23.286,,
"ESP","Spain","LOW","Low interest and inflation rates","COMPOSITE_EATR","Composite Effective Average Tax Rate","2018","2018",23.286,,
"ESP","Spain","LOW","Low interest and inflation rates","COMPOSITE_EATR","Composite Effective Average Tax Rate","2019","2019",23.286,,
"ESP","Spain","LOW","Low interest and inflation rates","COMPOSITE_EATR","Composite Effective Average Tax Rate","2020","2020",23.286,,
"ESP","Spain","LOW","Low interest and inflation rates","COMPOSITE_EMTR","Composite Effective Marginal Tax Rate","2017","2017",11.812,,
"ESP","Spain","LOW","Low interest and inflation rates","COMPOSITE_EMTR","Composite Effective Marginal Tax Rate","2018","2018",11.812,,
"ESP","Spain","LOW","Low interest and inflation rates","COMPOSITE_EMTR","Composite Effective Marginal Tax Rate","2019","2019",11.812,,
"ESP","Spain","LOW","Low interest and inflation rates","COMPOSITE_EMTR","Composite Effective Marginal Tax Rate","2020","2020",11.812,,
"SWE","Sweden","LOW","Low interest and inflation rates","COMPOSITE_EATR","Composite Effective Average Tax Rate","2017","2017",21.019,,
"SWE","Sweden","LOW","Low interest and inflation rates","COMPOSITE_EATR","Composite Effective Average Tax Rate","2018","2018",21.019,,
"SWE","Sweden","LOW","Low interest and inflation rates","COMPOSITE_EATR","Composite Effective Average Tax Rate","2019","2019",20.446,,
"SWE","Sweden","LOW","Low interest and inflation rates","COMPOSITE_EATR","Composite Effective Average Tax Rate","2020","2020",20.446,,
"SWE","Sweden","LOW","Low interest and inflation rates","COMPOSITE_EMTR","Composite Effective Marginal Tax Rate","2017","2017",13.416,,
"SWE","Sweden","LOW","Low interest and inflation rates","COMPOSITE_EMTR","Composite Effective Marginal Tax Rate","2018","2018",13.416,,
"SWE","Sweden","LOW","Low interest and inflation rates","COMPOSITE_EMTR","Composite Effective Marginal Tax Rate","2019","2019",13.117,,
"SWE","Sweden","LOW","Low interest and inflation rates","COMPOSITE_EMTR","Composite Effective Marginal Tax Rate","2020","2020",13.117,,
"CHE","Switzerland","LOW","Low interest and inflation rates","COMPOSITE_EATR","Composite Effective Average Tax Rate","2017","2017",19.966,,
"CHE","Switzerland","LOW","Low interest and inflation rates","COMPOSITE_EATR","Composite Effective Average Tax Rate","2018","2018",19.966,,
"CHE","Switzerland","LOW","Low interest and inflation rates","COMPOSITE_EATR","Composite Effective Average Tax Rate","2019","2019",19.966,,
"CHE","Switzerland","LOW","Low interest and inflation rates","COMPOSITE_EATR","Composite Effective Average Tax Rate","2020","2020",19.966,,
"CHE","Switzerland","LOW","Low interest and inflation rates","COMPOSITE_EMTR","Composite Effective Marginal Tax Rate","2017","2017",12.096,,
"CHE","Switzerland","LOW","Low interest and inflation rates","COMPOSITE_EMTR","Composite Effective Marginal Tax Rate","2018","2018",12.095,,
"CHE","Switzerland","LOW","Low interest and inflation rates","COMPOSITE_EMTR","Composite Effective Marginal Tax Rate","2019","2019",12.095,,
"CHE","Switzerland","LOW","Low interest and inflation rates","COMPOSITE_EMTR","Composite Effective Marginal Tax Rate","2020","2020",12.095,,
"TUR","Turkey","LOW","Low interest and inflation rates","COMPOSITE_EATR","Composite Effective Average Tax Rate","2017","2017",16.631,,
"TUR","Turkey","LOW","Low interest and inflation rates","COMPOSITE_EATR","Composite Effective Average Tax Rate","2018","2018",18.294,,
"TUR","Turkey","LOW","Low interest and inflation rates","COMPOSITE_EATR","Composite Effective Average Tax Rate","2019","2019",18.326,,
"TUR","Turkey","LOW","Low interest and inflation rates","COMPOSITE_EATR","Composite Effective Average Tax Rate","2020","2020",18.319,,
"TUR","Turkey","LOW","Low interest and inflation rates","COMPOSITE_EMTR","Composite Effective Marginal Tax Rate","2017","2017",-4.546,,
"TUR","Turkey","LOW","Low interest and inflation rates","COMPOSITE_EMTR","Composite Effective Marginal Tax Rate","2018","2018",-5.387,,
"TUR","Turkey","LOW","Low interest and inflation rates","COMPOSITE_EMTR","Composite Effective Marginal Tax Rate","2019","2019",-4.989,,
"TUR","Turkey","LOW","Low interest and inflation rates","COMPOSITE_EMTR","Composite Effective Marginal Tax Rate","2020","2020",-5.066,,
"GBR","United Kingdom","LOW","Low interest and inflation rates","COMPOSITE_EATR","Composite Effective Average Tax Rate","2017","2017",17.626,,
"GBR","United Kingdom","LOW","Low interest and inflation rates","COMPOSITE_EATR","Composite Effective Average Tax Rate","2018","2018",17.626,,
"GBR","United Kingdom","LOW","Low interest and inflation rates","COMPOSITE_EATR","Composite Effective Average Tax Rate","2019","2019",16.987,,
"GBR","United Kingdom","LOW","Low interest and inflation rates","COMPOSITE_EATR","Composite Effective Average Tax Rate","2020","2020",16.811,,
"GBR","United Kingdom","LOW","Low interest and inflation rates","COMPOSITE_EMTR","Composite Effective Marginal Tax Rate","2017","2017",7.084,,
"GBR","United Kingdom","LOW","Low interest and inflation rates","COMPOSITE_EMTR","Composite Effective Marginal Tax Rate","2018","2018",7.084,,
"GBR","United Kingdom","LOW","Low interest and inflation rates","COMPOSITE_EMTR","Composite Effective Marginal Tax Rate","2019","2019",3.688,,
"GBR","United Kingdom","LOW","Low interest and inflation rates","COMPOSITE_EMTR","Composite Effective Marginal Tax Rate","2020","2020",2.518,,
"USA","United States","LOW","Low interest and inflation rates","COMPOSITE_EATR","Composite Effective Average Tax Rate","2017","2017",35.175,,
"USA","United States","LOW","Low interest and inflation rates","COMPOSITE_EATR","Composite Effective Average Tax Rate","2018","2018",22.379,,
"USA","United States","LOW","Low interest and inflation rates","COMPOSITE_EATR","Composite Effective Average Tax Rate","2019","2019",22.42,,
"USA","United States","LOW","Low interest and inflation rates","COMPOSITE_EATR","Composite Effective Average Tax Rate","2020","2020",22.316,,
"USA","United States","LOW","Low interest and inflation rates","COMPOSITE_EMTR","Composite Effective Marginal Tax Rate","2017","2017",6.636,,
"USA","United States","LOW","Low interest and inflation rates","COMPOSITE_EMTR","Composite Effective Marginal Tax Rate","2018","2018",-2.69,,
"USA","United States","LOW","Low interest and inflation rates","COMPOSITE_EMTR","Composite Effective Marginal Tax Rate","2019","2019",-2.706,,
"USA","United States","LOW","Low interest and inflation rates","COMPOSITE_EMTR","Composite Effective Marginal Tax Rate","2020","2020",-2.666,,
"ALB","Albania","LOW","Low interest and inflation rates","COMPOSITE_EATR","Composite Effective Average Tax Rate","2017","2017",14.732,,
"ALB","Albania","LOW","Low interest and inflation rates","COMPOSITE_EATR","Composite Effective Average Tax Rate","2018","2018",14.732,,
"ALB","Albania","LOW","Low interest and inflation rates","COMPOSITE_EATR","Composite Effective Average Tax Rate","2019","2019",14.732,,
"ALB","Albania","LOW","Low interest and inflation rates","COMPOSITE_EATR","Composite Effective Average Tax Rate","2020","2020",14.732,,
"ALB","Albania","LOW","Low interest and inflation rates","COMPOSITE_EMTR","Composite Effective Marginal Tax Rate","2017","2017",12.132,,
"ALB","Albania","LOW","Low interest and inflation rates","COMPOSITE_EMTR","Composite Effective Marginal Tax Rate","2018","2018",12.132,,
"ALB","Albania","LOW","Low interest and inflation rates","COMPOSITE_EMTR","Composite Effective Marginal Tax Rate","2019","2019",12.132,,
"ALB","Albania","LOW","Low interest and inflation rates","COMPOSITE_EMTR","Composite Effective Marginal Tax Rate","2020","2020",12.132,,
"AND","Andorra","LOW","Low interest and inflation rates","COMPOSITE_EATR","Composite Effective Average Tax Rate","2017","2017",9.366,,
"AND","Andorra","LOW","Low interest and inflation rates","COMPOSITE_EATR","Composite Effective Average Tax Rate","2018","2018",9.366,,
"AND","Andorra","LOW","Low interest and inflation rates","COMPOSITE_EATR","Composite Effective Average Tax Rate","2019","2019",9.366,,
"AND","Andorra","LOW","Low interest and inflation rates","COMPOSITE_EATR","Composite Effective Average Tax Rate","2020","2020",9.366,,
"AND","Andorra","LOW","Low interest and inflation rates","COMPOSITE_EMTR","Composite Effective Marginal Tax Rate","2017","2017",5.55,,
"AND","Andorra","LOW","Low interest and inflation rates","COMPOSITE_EMTR","Composite Effective Marginal Tax Rate","2018","2018",5.55,,
"AND","Andorra","LOW","Low interest and inflation rates","COMPOSITE_EMTR","Composite Effective Marginal Tax Rate","2019","2019",5.55,,
"AND","Andorra","LOW","Low interest and inflation rates","COMPOSITE_EMTR","Composite Effective Marginal Tax Rate","2020","2020",5.55,,
"ARG","Argentina","LOW","Low interest and inflation rates","COMPOSITE_EATR","Composite Effective Average Tax Rate","2017","2017",42.99,,
"ARG","Argentina","LOW","Low interest and inflation rates","COMPOSITE_EATR","Composite Effective Average Tax Rate","2018","2018",34.946,,
"ARG","Argentina","LOW","Low interest and inflation rates","COMPOSITE_EATR","Composite Effective Average Tax Rate","2019","2019",34.946,,
"ARG","Argentina","LOW","Low interest and inflation rates","COMPOSITE_EATR","Composite Effective Average Tax Rate","2020","2020",34.946,,
"ARG","Argentina","LOW","Low interest and inflation rates","COMPOSITE_EMTR","Composite Effective Marginal Tax Rate","2017","2017",36.416,,
"ARG","Argentina","LOW","Low interest and inflation rates","COMPOSITE_EMTR","Composite Effective Marginal Tax Rate","2018","2018",29.241,,
"ARG","Argentina","LOW","Low interest and inflation rates","COMPOSITE_EMTR","Composite Effective Marginal Tax Rate","2019","2019",29.241,,
"ARG","Argentina","LOW","Low interest and inflation rates","COMPOSITE_EMTR","Composite Effective Marginal Tax Rate","2020","2020",29.241,,
"BWA","Botswana","LOW","Low interest and inflation rates","COMPOSITE_EATR","Composite Effective Average Tax Rate","2017","2017",31.603,,
"BWA","Botswana","LOW","Low interest and inflation rates","COMPOSITE_EATR","Composite Effective Average Tax Rate","2018","2018",31.603,,
"BWA","Botswana","LOW","Low interest and inflation rates","COMPOSITE_EATR","Composite Effective Average Tax Rate","2019","2019",31.603,,
"BWA","Botswana","LOW","Low interest and inflation rates","COMPOSITE_EATR","Composite Effective Average Tax Rate","2020","2020",31.603,,
"BWA","Botswana","LOW","Low interest and inflation rates","COMPOSITE_EMTR","Composite Effective Marginal Tax Rate","2017","2017",27.747,,
"BWA","Botswana","LOW","Low interest and inflation rates","COMPOSITE_EMTR","Composite Effective Marginal Tax Rate","2018","2018",27.747,,
"BWA","Botswana","LOW","Low interest and inflation rates","COMPOSITE_EMTR","Composite Effective Marginal Tax Rate","2019","2019",27.747,,
"BWA","Botswana","LOW","Low interest and inflation rates","COMPOSITE_EMTR","Composite Effective Marginal Tax Rate","2020","2020",27.747,,
"BRA","Brazil","LOW","Low interest and inflation rates","COMPOSITE_EATR","Composite Effective Average Tax Rate","2017","2017",27.342,,
"BRA","Brazil","LOW","Low interest and inflation rates","COMPOSITE_EATR","Composite Effective Average Tax Rate","2018","2018",27.342,,
"BRA","Brazil","LOW","Low interest and inflation rates","COMPOSITE_EATR","Composite Effective Average Tax Rate","2019","2019",27.342,,
"BRA","Brazil","LOW","Low interest and inflation rates","COMPOSITE_EATR","Composite Effective Average Tax Rate","2020","2020",27.342,,
"BRA","Brazil","LOW","Low interest and inflation rates","COMPOSITE_EMTR","Composite Effective Marginal Tax Rate","2017","2017",-21.433,,
"BRA","Brazil","LOW","Low interest and inflation rates","COMPOSITE_EMTR","Composite Effective Marginal Tax Rate","2018","2018",-21.433,,
"BRA","Brazil","LOW","Low interest and inflation rates","COMPOSITE_EMTR","Composite Effective Marginal Tax Rate","2019","2019",-21.433,,
"BRA","Brazil","LOW","Low interest and inflation rates","COMPOSITE_EMTR","Composite Effective Marginal Tax Rate","2020","2020",-21.433,,
"VGB","British Virgin Islands","LOW","Low interest and inflation rates","COMPOSITE_EATR","Composite Effective Average Tax Rate","2017","2017",0,,
"VGB","British Virgin Islands","LOW","Low interest and inflation rates","COMPOSITE_EATR","Composite Effective Average Tax Rate","2018","2018",0,,
"VGB","British Virgin Islands","LOW","Low interest and inflation rates","COMPOSITE_EATR","Composite Effective Average Tax Rate","2019","2019",0,,
"VGB","British Virgin Islands","LOW","Low interest and inflation rates","COMPOSITE_EATR","Composite Effective Average Tax Rate","2020","2020",0,,
"VGB","British Virgin Islands","LOW","Low interest and inflation rates","COMPOSITE_EMTR","Composite Effective Marginal Tax Rate","2017","2017",0,,
"VGB","British Virgin Islands","LOW","Low interest and inflation rates","COMPOSITE_EMTR","Composite Effective Marginal Tax Rate","2018","2018",0,,
"VGB","British Virgin Islands","LOW","Low interest and inflation rates","COMPOSITE_EMTR","Composite Effective Marginal Tax Rate","2019","2019",0,,
"VGB","British Virgin Islands","LOW","Low interest and inflation rates","COMPOSITE_EMTR","Composite Effective Marginal Tax Rate","2020","2020",0,,
"BGR","Bulgaria","LOW","Low interest and inflation rates","COMPOSITE_EATR","Composite Effective Average Tax Rate","2017","2017",9.099,,
"BGR","Bulgaria","LOW","Low interest and inflation rates","COMPOSITE_EATR","Composite Effective Average Tax Rate","2018","2018",9.099,,
"BGR","Bulgaria","LOW","Low interest and inflation rates","COMPOSITE_EATR","Composite Effective Average Tax Rate","2019","2019",9.099,,
"BGR","Bulgaria","LOW","Low interest and inflation rates","COMPOSITE_EATR","Composite Effective Average Tax Rate","2020","2020",9.099,,
"BGR","Bulgaria","LOW","Low interest and inflation rates","COMPOSITE_EMTR","Composite Effective Marginal Tax Rate","2017","2017",3.748,,
"BGR","Bulgaria","LOW","Low interest and inflation rates","COMPOSITE_EMTR","Composite Effective Marginal Tax Rate","2018","2018",3.748,,
"BGR","Bulgaria","LOW","Low interest and inflation rates","COMPOSITE_EMTR","Composite Effective Marginal Tax Rate","2019","2019",3.748,,
"BGR","Bulgaria","LOW","Low interest and inflation rates","COMPOSITE_EMTR","Composite Effective Marginal Tax Rate","2020","2020",3.748,,
"CYM","Cayman Islands","LOW","Low interest and inflation rates","COMPOSITE_EATR","Composite Effective Average Tax Rate","2017","2017",0,,
"CYM","Cayman Islands","LOW","Low interest and inflation rates","COMPOSITE_EATR","Composite Effective Average Tax Rate","2018","2018",0,,
"CYM","Cayman Islands","LOW","Low interest and inflation rates","COMPOSITE_EATR","Composite Effective Average Tax Rate","2019","2019",0,,
"CYM","Cayman Islands","LOW","Low interest and inflation rates","COMPOSITE_EATR","Composite Effective Average Tax Rate","2020","2020",0,,
"CYM","Cayman Islands","LOW","Low interest and inflation rates","COMPOSITE_EMTR","Composite Effective Marginal Tax Rate","2017","2017",0,,
"CYM","Cayman Islands","LOW","Low interest and inflation rates","COMPOSITE_EMTR","Composite Effective Marginal Tax Rate","2018","2018",0,,
"CYM","Cayman Islands","LOW","Low interest and inflation rates","COMPOSITE_EMTR","Composite Effective Marginal Tax Rate","2019","2019",0,,
"CYM","Cayman Islands","LOW","Low interest and inflation rates","COMPOSITE_EMTR","Composite Effective Marginal Tax Rate","2020","2020",0,,
"CHL","Chile","LOW","Low interest and inflation rates","COMPOSITE_EATR","Composite Effective Average Tax Rate","2017","2017",35.98,,
"CHL","Chile","LOW","Low interest and inflation rates","COMPOSITE_EATR","Composite Effective Average Tax Rate","2018","2018",36.686,,
"CHL","Chile","LOW","Low interest and inflation rates","COMPOSITE_EATR","Composite Effective Average Tax Rate","2019","2019",38.097,,
"CHL","Chile","LOW","Low interest and inflation rates","COMPOSITE_EATR","Composite Effective Average Tax Rate","2020","2020",37.941,,
"CHL","Chile","LOW","Low interest and inflation rates","COMPOSITE_EMTR","Composite Effective Marginal Tax Rate","2017","2017",23.818,,
"CHL","Chile","LOW","Low interest and inflation rates","COMPOSITE_EMTR","Composite Effective Marginal Tax Rate","2018","2018",23.851,,
"CHL","Chile","LOW","Low interest and inflation rates","COMPOSITE_EMTR","Composite Effective Marginal Tax Rate","2019","2019",23.881,,
"CHL","Chile","LOW","Low interest and inflation rates","COMPOSITE_EMTR","Composite Effective Marginal Tax Rate","2020","2020",22.313,,
"CHN","China (People's Republic of)","LOW","Low interest and inflation rates","COMPOSITE_EATR","Composite Effective Average Tax Rate","2017","2017",23.004,,
"CHN","China (People's Republic of)","LOW","Low interest and inflation rates","COMPOSITE_EATR","Composite Effective Average Tax Rate","2018","2018",23.004,,
"CHN","China (People's Republic of)","LOW","Low interest and inflation rates","COMPOSITE_EATR","Composite Effective Average Tax Rate","2019","2019",23.004,,
"CHN","China (People's Republic of)","LOW","Low interest and inflation rates","COMPOSITE_EATR","Composite Effective Average Tax Rate","2020","2020",23.004,,
"CHN","China (People's Republic of)","LOW","Low interest and inflation rates","COMPOSITE_EMTR","Composite Effective Marginal Tax Rate","2017","2017",9.644,,
"CHN","China (People's Republic of)","LOW","Low interest and inflation rates","COMPOSITE_EMTR","Composite Effective Marginal Tax Rate","2018","2018",9.644,,
"CHN","China (People's Republic of)","LOW","Low interest and inflation rates","COMPOSITE_EMTR","Composite Effective Marginal Tax Rate","2019","2019",9.644,,
"CHN","China (People's Republic of)","LOW","Low interest and inflation rates","COMPOSITE_EMTR","Composite Effective Marginal Tax Rate","2020","2020",9.644,,
"CRI","Costa Rica","LOW","Low interest and inflation rates","COMPOSITE_EATR","Composite Effective Average Tax Rate","2017","2017",43.323,,
"CRI","Costa Rica","LOW","Low interest and inflation rates","COMPOSITE_EATR","Composite Effective Average Tax Rate","2018","2018",43.323,,
"CRI","Costa Rica","LOW","Low interest and inflation rates","COMPOSITE_EATR","Composite Effective Average Tax Rate","2019","2019",43.323,,
"CRI","Costa Rica","LOW","Low interest and inflation rates","COMPOSITE_EATR","Composite Effective Average Tax Rate","2020","2020",43.323,,
"CRI","Costa Rica","LOW","Low interest and inflation rates","COMPOSITE_EMTR","Composite Effective Marginal Tax Rate","2017","2017",33.37,,
"CRI","Costa Rica","LOW","Low interest and inflation rates","COMPOSITE_EMTR","Composite Effective Marginal Tax Rate","2018","2018",33.37,,
"CRI","Costa Rica","LOW","Low interest and inflation rates","COMPOSITE_EMTR","Composite Effective Marginal Tax Rate","2019","2019",33.37,,
"CRI","Costa Rica","LOW","Low interest and inflation rates","COMPOSITE_EMTR","Composite Effective Marginal Tax Rate","2020","2020",33.37,,
"HRV","Croatia","LOW","Low interest and inflation rates","COMPOSITE_EATR","Composite Effective Average Tax Rate","2017","2017",16.502,,
"HRV","Croatia","LOW","Low interest and inflation rates","COMPOSITE_EATR","Composite Effective Average Tax Rate","2018","2018",16.502,,
"HRV","Croatia","LOW","Low interest and inflation rates","COMPOSITE_EATR","Composite Effective Average Tax Rate","2019","2019",16.502,,
"HRV","Croatia","LOW","Low interest and inflation rates","COMPOSITE_EATR","Composite Effective Average Tax Rate","2020","2020",16.502,,
"HRV","Croatia","LOW","Low interest and inflation rates","COMPOSITE_EMTR","Composite Effective Marginal Tax Rate","2017","2017",6.474,,
"HRV","Croatia","LOW","Low interest and inflation rates","COMPOSITE_EMTR","Composite Effective Marginal Tax Rate","2018","2018",6.474,,
"HRV","Croatia","LOW","Low interest and inflation rates","COMPOSITE_EMTR","Composite Effective Marginal Tax Rate","2019","2019",6.474,,
"HRV","Croatia","LOW","Low interest and inflation rates","COMPOSITE_EMTR","Composite Effective Marginal Tax Rate","2020","2020",6.474,,
"CYP","Cyprus","LOW","Low interest and inflation rates","COMPOSITE_EATR","Composite Effective Average Tax Rate","2017","2017",10.787,,
"CYP","Cyprus","LOW","Low interest and inflation rates","COMPOSITE_EATR","Composite Effective Average Tax Rate","2018","2018",10.787,,
"CYP","Cyprus","LOW","Low interest and inflation rates","COMPOSITE_EATR","Composite Effective Average Tax Rate","2019","2019",10.787,,
"CYP","Cyprus","LOW","Low interest and inflation rates","COMPOSITE_EATR","Composite Effective Average Tax Rate","2020","2020",10.787,,
"CYP","Cyprus","LOW","Low interest and inflation rates","COMPOSITE_EMTR","Composite Effective Marginal Tax Rate","2017","2017",0.901,,
"CYP","Cyprus","LOW","Low interest and inflation rates","COMPOSITE_EMTR","Composite Effective Marginal Tax Rate","2018","2018",0.901,,
"CYP","Cyprus","LOW","Low interest and inflation rates","COMPOSITE_EMTR","Composite Effective Marginal Tax Rate","2019","2019",0.901,,
"CYP","Cyprus","LOW","Low interest and inflation rates","COMPOSITE_EMTR","Composite Effective Marginal Tax Rate","2020","2020",0.901,,
"COD","Democratic Republic of the Congo","LOW","Low interest and inflation rates","COMPOSITE_EATR","Composite Effective Average Tax Rate","2017","2017",32.172,,
"COD","Democratic Republic of the Congo","LOW","Low interest and inflation rates","COMPOSITE_EATR","Composite Effective Average Tax Rate","2018","2018",32.172,,
"COD","Democratic Republic of the Congo","LOW","Low interest and inflation rates","COMPOSITE_EATR","Composite Effective Average Tax Rate","2019","2019",32.172,,
"COD","Democratic Republic of the Congo","LOW","Low interest and inflation rates","COMPOSITE_EATR","Composite Effective Average Tax Rate","2020","2020",32.172,,
"COD","Democratic Republic of the Congo","LOW","Low interest and inflation rates","COMPOSITE_EMTR","Composite Effective Marginal Tax Rate","2017","2017",10.107,,
"COD","Democratic Republic of the Congo","LOW","Low interest and inflation rates","COMPOSITE_EMTR","Composite Effective Marginal Tax Rate","2018","2018",10.107,,
"COD","Democratic Republic of the Congo","LOW","Low interest and inflation rates","COMPOSITE_EMTR","Composite Effective Marginal Tax Rate","2019","2019",10.107,,
"COD","Democratic Republic of the Congo","LOW","Low interest and inflation rates","COMPOSITE_EMTR","Composite Effective Marginal Tax Rate","2020","2020",10.107,,
"EST","Estonia","LOW","Low interest and inflation rates","COMPOSITE_EATR","Composite Effective Average Tax Rate","2017","2017",17,,
"EST","Estonia","LOW","Low interest and inflation rates","COMPOSITE_EATR","Composite Effective Average Tax Rate","2018","2018",17,,
"EST","Estonia","LOW","Low interest and inflation rates","COMPOSITE_EATR","Composite Effective Average Tax Rate","2019","2019",17,,
"EST","Estonia","LOW","Low interest and inflation rates","COMPOSITE_EATR","Composite Effective Average Tax Rate","2020","2020",17,,
"EST","Estonia","LOW","Low interest and inflation rates","COMPOSITE_EMTR","Composite Effective Marginal Tax Rate","2017","2017",0,,
"EST","Estonia","LOW","Low interest and inflation rates","COMPOSITE_EMTR","Composite Effective Marginal Tax Rate","2018","2018",0,,
"EST","Estonia","LOW","Low interest and inflation rates","COMPOSITE_EMTR","Composite Effective Marginal Tax Rate","2019","2019",0,,
"EST","Estonia","LOW","Low interest and inflation rates","COMPOSITE_EMTR","Composite Effective Marginal Tax Rate","2020","2020",0,,
"HKG","Hong Kong, China","LOW","Low interest and inflation rates","COMPOSITE_EATR","Composite Effective Average Tax Rate","2017","2017",14.379,,
"HKG","Hong Kong, China","LOW","Low interest and inflation rates","COMPOSITE_EATR","Composite Effective Average Tax Rate","2018","2018",14.379,,
"HKG","Hong Kong, China","LOW","Low interest and inflation rates","COMPOSITE_EATR","Composite Effective Average Tax Rate","2019","2019",14.379,,
"HKG","Hong Kong, China","LOW","Low interest and inflation rates","COMPOSITE_EATR","Composite Effective Average Tax Rate","2020","2020",14.379,,
"HKG","Hong Kong, China","LOW","Low interest and inflation rates","COMPOSITE_EMTR","Composite Effective Marginal Tax Rate","2017","2017",0.517,,
"HKG","Hong Kong, China","LOW","Low interest and inflation rates","COMPOSITE_EMTR","Composite Effective Marginal Tax Rate","2018","2018",0.517,,
"HKG","Hong Kong, China","LOW","Low interest and inflation rates","COMPOSITE_EMTR","Composite Effective Marginal Tax Rate","2019","2019",0.517,,
"HKG","Hong Kong, China","LOW","Low interest and inflation rates","COMPOSITE_EMTR","Composite Effective Marginal Tax Rate","2020","2020",0.517,,
"IND","India","LOW","Low interest and inflation rates","COMPOSITE_EATR","Composite Effective Average Tax Rate","2017","2017",45.3,,
"IND","India","LOW","Low interest and inflation rates","COMPOSITE_EATR","Composite Effective Average Tax Rate","2018","2018",45.675,,
"IND","India","LOW","Low interest and inflation rates","COMPOSITE_EATR","Composite Effective Average Tax Rate","2019","2019",38.327,,
"IND","India","LOW","Low interest and inflation rates","COMPOSITE_EATR","Composite Effective Average Tax Rate","2020","2020",23.782,,
"IND","India","LOW","Low interest and inflation rates","COMPOSITE_EMTR","Composite Effective Marginal Tax Rate","2017","2017",34.211,,
"IND","India","LOW","Low interest and inflation rates","COMPOSITE_EMTR","Composite Effective Marginal Tax Rate","2018","2018",34.466,,
"IND","India","LOW","Low interest and inflation rates","COMPOSITE_EMTR","Composite Effective Marginal Tax Rate","2019","2019",15.604,,
"IND","India","LOW","Low interest and inflation rates","COMPOSITE_EMTR","Composite Effective Marginal Tax Rate","2020","2020",13.361,,
"IDN","Indonesia","LOW","Low interest and inflation rates","COMPOSITE_EATR","Composite Effective Average Tax Rate","2017","2017",23.74,,
"IDN","Indonesia","LOW","Low interest and inflation rates","COMPOSITE_EATR","Composite Effective Average Tax Rate","2018","2018",23.74,,
"IDN","Indonesia","LOW","Low interest and inflation rates","COMPOSITE_EATR","Composite Effective Average Tax Rate","2019","2019",23.74,,
"IDN","Indonesia","LOW","Low interest and inflation rates","COMPOSITE_EATR","Composite Effective Average Tax Rate","2020","2020",20.891,,
"IDN","Indonesia","LOW","Low interest and inflation rates","COMPOSITE_EMTR","Composite Effective Marginal Tax Rate","2017","2017",14.209,,
"IDN","Indonesia","LOW","Low interest and inflation rates","COMPOSITE_EMTR","Composite Effective Marginal Tax Rate","2018","2018",14.209,,
"IDN","Indonesia","LOW","Low interest and inflation rates","COMPOSITE_EMTR","Composite Effective Marginal Tax Rate","2019","2019",14.209,,
"IDN","Indonesia","LOW","Low interest and inflation rates","COMPOSITE_EMTR","Composite Effective Marginal Tax Rate","2020","2020",12.833,,
"ISR","Israel","LOW","Low interest and inflation rates","COMPOSITE_EATR","Composite Effective Average Tax Rate","2017","2017",22.553,,
"ISR","Israel","LOW","Low interest and inflation rates","COMPOSITE_EATR","Composite Effective Average Tax Rate","2018","2018",21.613,,
"ISR","Israel","LOW","Low interest and inflation rates","COMPOSITE_EATR","Composite Effective Average Tax Rate","2019","2019",21.613,,
"ISR","Israel","LOW","Low interest and inflation rates","COMPOSITE_EATR","Composite Effective Average Tax Rate","2020","2020",21.613,,
"ISR","Israel","LOW","Low interest and inflation rates","COMPOSITE_EMTR","Composite Effective Marginal Tax Rate","2017","2017",12.572,,
"ISR","Israel","LOW","Low interest and inflation rates","COMPOSITE_EMTR","Composite Effective Marginal Tax Rate","2018","2018",12.147,,
"ISR","Israel","LOW","Low interest and inflation rates","COMPOSITE_EMTR","Composite Effective Marginal Tax Rate","2019","2019",12.147,,
"ISR","Israel","LOW","Low interest and inflation rates","COMPOSITE_EMTR","Composite Effective Marginal Tax Rate","2020","2020",12.147,,
"JAM","Jamaica","LOW","Low interest and inflation rates","COMPOSITE_EATR","Composite Effective Average Tax Rate","2017","2017",23.724,,
"JAM","Jamaica","LOW","Low interest and inflation rates","COMPOSITE_EATR","Composite Effective Average Tax Rate","2018","2018",23.724,,
"JAM","Jamaica","LOW","Low interest and inflation rates","COMPOSITE_EATR","Composite Effective Average Tax Rate","2019","2019",23.724,,
"JAM","Jamaica","LOW","Low interest and inflation rates","COMPOSITE_EATR","Composite Effective Average Tax Rate","2020","2020",23.724,,
"JAM","Jamaica","LOW","Low interest and inflation rates","COMPOSITE_EMTR","Composite Effective Marginal Tax Rate","2017","2017",13.894,,
"JAM","Jamaica","LOW","Low interest and inflation rates","COMPOSITE_EMTR","Composite Effective Marginal Tax Rate","2018","2018",13.894,,
"JAM","Jamaica","LOW","Low interest and inflation rates","COMPOSITE_EMTR","Composite Effective Marginal Tax Rate","2019","2019",13.894,,
"JAM","Jamaica","LOW","Low interest and inflation rates","COMPOSITE_EMTR","Composite Effective Marginal Tax Rate","2020","2020",13.894,,
"KEN","Kenya","LOW","Low interest and inflation rates","COMPOSITE_EATR","Composite Effective Average Tax Rate","2017","2017",27.535,,
"KEN","Kenya","LOW","Low interest and inflation rates","COMPOSITE_EATR","Composite Effective Average Tax Rate","2018","2018",27.535,,
"KEN","Kenya","LOW","Low interest and inflation rates","COMPOSITE_EATR","Composite Effective Average Tax Rate","2019","2019",27.535,,
"KEN","Kenya","LOW","Low interest and inflation rates","COMPOSITE_EATR","Composite Effective Average Tax Rate","2020","2020",28.379,,
"KEN","Kenya","LOW","Low interest and inflation rates","COMPOSITE_EMTR","Composite Effective Marginal Tax Rate","2017","2017",3.667,,
"KEN","Kenya","LOW","Low interest and inflation rates","COMPOSITE_EMTR","Composite Effective Marginal Tax Rate","2018","2018",3.667,,
"KEN","Kenya","LOW","Low interest and inflation rates","COMPOSITE_EMTR","Composite Effective Marginal Tax Rate","2019","2019",3.667,,
"KEN","Kenya","LOW","Low interest and inflation rates","COMPOSITE_EMTR","Composite Effective Marginal Tax Rate","2020","2020",9.417,,
"LVA","Latvia","LOW","Low interest and inflation rates","COMPOSITE_EATR","Composite Effective Average Tax Rate","2017","2017",0,,
"LVA","Latvia","LOW","Low interest and inflation rates","COMPOSITE_EATR","Composite Effective Average Tax Rate","2018","2018",17,,
"LVA","Latvia","LOW","Low interest and inflation rates","COMPOSITE_EATR","Composite Effective Average Tax Rate","2019","2019",17,,
"LVA","Latvia","LOW","Low interest and inflation rates","COMPOSITE_EATR","Composite Effective Average Tax Rate","2020","2020",17,,
"LVA","Latvia","LOW","Low interest and inflation rates","COMPOSITE_EMTR","Composite Effective Marginal Tax Rate","2017","2017",0,,
"LVA","Latvia","LOW","Low interest and inflation rates","COMPOSITE_EMTR","Composite Effective Marginal Tax Rate","2018","2018",0,,
"LVA","Latvia","LOW","Low interest and inflation rates","COMPOSITE_EMTR","Composite Effective Marginal Tax Rate","2019","2019",0,,
"LVA","Latvia","LOW","Low interest and inflation rates","COMPOSITE_EMTR","Composite Effective Marginal Tax Rate","2020","2020",0,,
"LIE","Liechtenstein","LOW","Low interest and inflation rates","COMPOSITE_EATR","Composite Effective Average Tax Rate","2017","2017",10.181,,
"LIE","Liechtenstein","LOW","Low interest and inflation rates","COMPOSITE_EATR","Composite Effective Average Tax Rate","2018","2018",10.181,,
"LIE","Liechtenstein","LOW","Low interest and inflation rates","COMPOSITE_EATR","Composite Effective Average Tax Rate","2019","2019",10.181,,
"LIE","Liechtenstein","LOW","Low interest and inflation rates","COMPOSITE_EATR","Composite Effective Average Tax Rate","2020","2020",10.181,,
"LIE","Liechtenstein","LOW","Low interest and inflation rates","COMPOSITE_EMTR","Composite Effective Marginal Tax Rate","2017","2017",-3.6,,
"LIE","Liechtenstein","LOW","Low interest and inflation rates","COMPOSITE_EMTR","Composite Effective Marginal Tax Rate","2018","2018",-3.6,,
"LIE","Liechtenstein","LOW","Low interest and inflation rates","COMPOSITE_EMTR","Composite Effective Marginal Tax Rate","2019","2019",-3.6,,
"LIE","Liechtenstein","LOW","Low interest and inflation rates","COMPOSITE_EMTR","Composite Effective Marginal Tax Rate","2020","2020",-3.6,,
"LTU","Lithuania","LOW","Low interest and inflation rates","COMPOSITE_EATR","Composite Effective Average Tax Rate","2017","2017",13.675,,
"LTU","Lithuania","LOW","Low interest and inflation rates","COMPOSITE_EATR","Composite Effective Average Tax Rate","2018","2018",13.675,,
"LTU","Lithuania","LOW","Low interest and inflation rates","COMPOSITE_EATR","Composite Effective Average Tax Rate","2019","2019",13.675,,
"LTU","Lithuania","LOW","Low interest and inflation rates","COMPOSITE_EATR","Composite Effective Average Tax Rate","2020","2020",13.675,,
"LTU","Lithuania","LOW","Low interest and inflation rates","COMPOSITE_EMTR","Composite Effective Marginal Tax Rate","2017","2017",5.241,,
"LTU","Lithuania","LOW","Low interest and inflation rates","COMPOSITE_EMTR","Composite Effective Marginal Tax Rate","2018","2018",5.241,,
"LTU","Lithuania","LOW","Low interest and inflation rates","COMPOSITE_EMTR","Composite Effective Marginal Tax Rate","2019","2019",5.241,,
"LTU","Lithuania","LOW","Low interest and inflation rates","COMPOSITE_EMTR","Composite Effective Marginal Tax Rate","2020","2020",5.241,,
"MLT","Malta","LOW","Low interest and inflation rates","COMPOSITE_EATR","Composite Effective Average Tax Rate","2017","2017",32.75,,
"MLT","Malta","LOW","Low interest and inflation rates","COMPOSITE_EATR","Composite Effective Average Tax Rate","2018","2018",28.183,,
"MLT","Malta","LOW","Low interest and inflation rates","COMPOSITE_EATR","Composite Effective Average Tax Rate","2019","2019",28.183,,
"MLT","Malta","LOW","Low interest and inflation rates","COMPOSITE_EATR","Composite Effective Average Tax Rate","2020","2020",28.183,,
"MLT","Malta","LOW","Low interest and inflation rates","COMPOSITE_EMTR","Composite Effective Marginal Tax Rate","2017","2017",15.101,,
"MLT","Malta","LOW","Low interest and inflation rates","COMPOSITE_EMTR","Composite Effective Marginal Tax Rate","2018","2018",-23.751,,
"MLT","Malta","LOW","Low interest and inflation rates","COMPOSITE_EMTR","Composite Effective Marginal Tax Rate","2019","2019",-23.751,,
"MLT","Malta","LOW","Low interest and inflation rates","COMPOSITE_EMTR","Composite Effective Marginal Tax Rate","2020","2020",-23.751,,
"MUS","Mauritius","LOW","Low interest and inflation rates","COMPOSITE_EATR","Composite Effective Average Tax Rate","2017","2017",13.753,,
"MUS","Mauritius","LOW","Low interest and inflation rates","COMPOSITE_EATR","Composite Effective Average Tax Rate","2018","2018",13.753,,
"MUS","Mauritius","LOW","Low interest and inflation rates","COMPOSITE_EATR","Composite Effective Average Tax Rate","2019","2019",13.753,,
"MUS","Mauritius","LOW","Low interest and inflation rates","COMPOSITE_EATR","Composite Effective Average Tax Rate","2020","2020",13.753,,
"MUS","Mauritius","LOW","Low interest and inflation rates","COMPOSITE_EMTR","Composite Effective Marginal Tax Rate","2017","2017",6.048,,
"MUS","Mauritius","LOW","Low interest and inflation rates","COMPOSITE_EMTR","Composite Effective Marginal Tax Rate","2018","2018",6.048,,
"MUS","Mauritius","LOW","Low interest and inflation rates","COMPOSITE_EMTR","Composite Effective Marginal Tax Rate","2019","2019",6.048,,
"MUS","Mauritius","LOW","Low interest and inflation rates","COMPOSITE_EMTR","Composite Effective Marginal Tax Rate","2020","2020",6.048,,
"MSR","Montserrat","LOW","Low interest and inflation rates","COMPOSITE_EATR","Composite Effective Average Tax Rate","2017","2017",28.524,,
"MSR","Montserrat","LOW","Low interest and inflation rates","COMPOSITE_EATR","Composite Effective Average Tax Rate","2018","2018",28.524,,
"MSR","Montserrat","LOW","Low interest and inflation rates","COMPOSITE_EATR","Composite Effective Average Tax Rate","2019","2019",28.524,,
"MSR","Montserrat","LOW","Low interest and inflation rates","COMPOSITE_EATR","Composite Effective Average Tax Rate","2020","2020",28.524,,
"MSR","Montserrat","LOW","Low interest and inflation rates","COMPOSITE_EMTR","Composite Effective Marginal Tax Rate","2017","2017",17.38,,
"MSR","Montserrat","LOW","Low interest and inflation rates","COMPOSITE_EMTR","Composite Effective Marginal Tax Rate","2018","2018",17.38,,
"MSR","Montserrat","LOW","Low interest and inflation rates","COMPOSITE_EMTR","Composite Effective Marginal Tax Rate","2019","2019",17.38,,
"MSR","Montserrat","LOW","Low interest and inflation rates","COMPOSITE_EMTR","Composite Effective Marginal Tax Rate","2020","2020",17.38,,
"PNG","Papua New Guinea","LOW","Low interest and inflation rates","COMPOSITE_EATR","Composite Effective Average Tax Rate","2017","2017",30.137,,
"PNG","Papua New Guinea","LOW","Low interest and inflation rates","COMPOSITE_EATR","Composite Effective Average Tax Rate","2018","2018",30.137,,
"PNG","Papua New Guinea","LOW","Low interest and inflation rates","COMPOSITE_EATR","Composite Effective Average Tax Rate","2019","2019",30.137,,
"PNG","Papua New Guinea","LOW","Low interest and inflation rates","COMPOSITE_EATR","Composite Effective Average Tax Rate","2020","2020",30.137,,
"PNG","Papua New Guinea","LOW","Low interest and inflation rates","COMPOSITE_EMTR","Composite Effective Marginal Tax Rate","2017","2017",20.402,,
"PNG","Papua New Guinea","LOW","Low interest and inflation rates","COMPOSITE_EMTR","Composite Effective Marginal Tax Rate","2018","2018",20.402,,
"PNG","Papua New Guinea","LOW","Low interest and inflation rates","COMPOSITE_EMTR","Composite Effective Marginal Tax Rate","2019","2019",20.402,,
"PNG","Papua New Guinea","LOW","Low interest and inflation rates","COMPOSITE_EMTR","Composite Effective Marginal Tax Rate","2020","2020",20.402,,
"PER","Peru","LOW","Low interest and inflation rates","COMPOSITE_EATR","Composite Effective Average Tax Rate","2017","2017",29.165,,
"PER","Peru","LOW","Low interest and inflation rates","COMPOSITE_EATR","Composite Effective Average Tax Rate","2018","2018",29.165,,
"PER","Peru","LOW","Low interest and inflation rates","COMPOSITE_EATR","Composite Effective Average Tax Rate","2019","2019",29.165,,
"PER","Peru","LOW","Low interest and inflation rates","COMPOSITE_EATR","Composite Effective Average Tax Rate","2020","2020",29.165,,
"PER","Peru","LOW","Low interest and inflation rates","COMPOSITE_EMTR","Composite Effective Marginal Tax Rate","2017","2017",19.873,,
"PER","Peru","LOW","Low interest and inflation rates","COMPOSITE_EMTR","Composite Effective Marginal Tax Rate","2018","2018",19.873,,
"PER","Peru","LOW","Low interest and inflation rates","COMPOSITE_EMTR","Composite Effective Marginal Tax Rate","2019","2019",19.873,,
"PER","Peru","LOW","Low interest and inflation rates","COMPOSITE_EMTR","Composite Effective Marginal Tax Rate","2020","2020",19.873,,
"ROU","Romania","LOW","Low interest and inflation rates","COMPOSITE_EATR","Composite Effective Average Tax Rate","2017","2017",14.431,,
"ROU","Romania","LOW","Low interest and inflation rates","COMPOSITE_EATR","Composite Effective Average Tax Rate","2018","2018",14.431,,
"ROU","Romania","LOW","Low interest and inflation rates","COMPOSITE_EATR","Composite Effective Average Tax Rate","2019","2019",14.431,,
"ROU","Romania","LOW","Low interest and inflation rates","COMPOSITE_EATR","Composite Effective Average Tax Rate","2020","2020",14.431,,
"ROU","Romania","LOW","Low interest and inflation rates","COMPOSITE_EMTR","Composite Effective Marginal Tax Rate","2017","2017",4.739,,
"ROU","Romania","LOW","Low interest and inflation rates","COMPOSITE_EMTR","Composite Effective Marginal Tax Rate","2018","2018",4.739,,
"ROU","Romania","LOW","Low interest and inflation rates","COMPOSITE_EMTR","Composite Effective Marginal Tax Rate","2019","2019",4.739,,
"ROU","Romania","LOW","Low interest and inflation rates","COMPOSITE_EMTR","Composite Effective Marginal Tax Rate","2020","2020",4.739,,
"RUS","Russia","LOW","Low interest and inflation rates","COMPOSITE_EATR","Composite Effective Average Tax Rate","2017","2017",19.822,,
"RUS","Russia","LOW","Low interest and inflation rates","COMPOSITE_EATR","Composite Effective Average Tax Rate","2018","2018",19.822,,
"RUS","Russia","LOW","Low interest and inflation rates","COMPOSITE_EATR","Composite Effective Average Tax Rate","2019","2019",19.822,,
"RUS","Russia","LOW","Low interest and inflation rates","COMPOSITE_EATR","Composite Effective Average Tax Rate","2020","2020",19.822,,
"RUS","Russia","LOW","Low interest and inflation rates","COMPOSITE_EMTR","Composite Effective Marginal Tax Rate","2017","2017",15.436,,
"RUS","Russia","LOW","Low interest and inflation rates","COMPOSITE_EMTR","Composite Effective Marginal Tax Rate","2018","2018",15.436,,
"RUS","Russia","LOW","Low interest and inflation rates","COMPOSITE_EMTR","Composite Effective Marginal Tax Rate","2019","2019",15.436,,
"RUS","Russia","LOW","Low interest and inflation rates","COMPOSITE_EMTR","Composite Effective Marginal Tax Rate","2020","2020",15.436,,
"SAU","Saudi Arabia","LOW","Low interest and inflation rates","COMPOSITE_EATR","Composite Effective Average Tax Rate","2017","2017",20.144,,
"SAU","Saudi Arabia","LOW","Low interest and inflation rates","COMPOSITE_EATR","Composite Effective Average Tax Rate","2018","2018",20.144,,
"SAU","Saudi Arabia","LOW","Low interest and inflation rates","COMPOSITE_EATR","Composite Effective Average Tax Rate","2019","2019",20.144,,
"SAU","Saudi Arabia","LOW","Low interest and inflation rates","COMPOSITE_EATR","Composite Effective Average Tax Rate","2020","2020",20.144,,
"SAU","Saudi Arabia","LOW","Low interest and inflation rates","COMPOSITE_EMTR","Composite Effective Marginal Tax Rate","2017","2017",15.993,,
"SAU","Saudi Arabia","LOW","Low interest and inflation rates","COMPOSITE_EMTR","Composite Effective Marginal Tax Rate","2018","2018",15.993,,
"SAU","Saudi Arabia","LOW","Low interest and inflation rates","COMPOSITE_EMTR","Composite Effective Marginal Tax Rate","2019","2019",15.993,,
"SAU","Saudi Arabia","LOW","Low interest and inflation rates","COMPOSITE_EMTR","Composite Effective Marginal Tax Rate","2020","2020",15.993,,
"SEN","Senegal","LOW","Low interest and inflation rates","COMPOSITE_EATR","Composite Effective Average Tax Rate","2017","2017",30.775,,
"SEN","Senegal","LOW","Low interest and inflation rates","COMPOSITE_EATR","Composite Effective Average Tax Rate","2018","2018",28.408,,
"SEN","Senegal","LOW","Low interest and inflation rates","COMPOSITE_EATR","Composite Effective Average Tax Rate","2019","2019",28.408,,
"SEN","Senegal","LOW","Low interest and inflation rates","COMPOSITE_EATR","Composite Effective Average Tax Rate","2020","2020",28.408,,
"SEN","Senegal","LOW","Low interest and inflation rates","COMPOSITE_EMTR","Composite Effective Marginal Tax Rate","2017","2017",15.029,,
"SEN","Senegal","LOW","Low interest and inflation rates","COMPOSITE_EMTR","Composite Effective Marginal Tax Rate","2018","2018",14.622,,
"SEN","Senegal","LOW","Low interest and inflation rates","COMPOSITE_EMTR","Composite Effective Marginal Tax Rate","2019","2019",14.622,,
"SEN","Senegal","LOW","Low interest and inflation rates","COMPOSITE_EMTR","Composite Effective Marginal Tax Rate","2020","2020",14.622,,
"SYC","Seychelles","LOW","Low interest and inflation rates","COMPOSITE_EATR","Composite Effective Average Tax Rate","2017","2017",27.84,,
"SYC","Seychelles","LOW","Low interest and inflation rates","COMPOSITE_EATR","Composite Effective Average Tax Rate","2018","2018",27.84,,
"SYC","Seychelles","LOW","Low interest and inflation rates","COMPOSITE_EATR","Composite Effective Average Tax Rate","2019","2019",27.84,,
"SYC","Seychelles","LOW","Low interest and inflation rates","COMPOSITE_EATR","Composite Effective Average Tax Rate","2020","2020",27.84,,
"SYC","Seychelles","LOW","Low interest and inflation rates","COMPOSITE_EMTR","Composite Effective Marginal Tax Rate","2017","2017",12.374,,
"SYC","Seychelles","LOW","Low interest and inflation rates","COMPOSITE_EMTR","Composite Effective Marginal Tax Rate","2018","2018",12.374,,
"SYC","Seychelles","LOW","Low interest and inflation rates","COMPOSITE_EMTR","Composite Effective Marginal Tax Rate","2019","2019",12.374,,
"SYC","Seychelles","LOW","Low interest and inflation rates","COMPOSITE_EMTR","Composite Effective Marginal Tax Rate","2020","2020",12.374,,
"SGP","Singapore","LOW","Low interest and inflation rates","COMPOSITE_EATR","Composite Effective Average Tax Rate","2017","2017",16.087,,
"SGP","Singapore","LOW","Low interest and inflation rates","COMPOSITE_EATR","Composite Effective Average Tax Rate","2018","2018",16.087,,
"SGP","Singapore","LOW","Low interest and inflation rates","COMPOSITE_EATR","Composite Effective Average Tax Rate","2019","2019",16.087,,
"SGP","Singapore","LOW","Low interest and inflation rates","COMPOSITE_EATR","Composite Effective Average Tax Rate","2020","2020",16.087,,
"SGP","Singapore","LOW","Low interest and inflation rates","COMPOSITE_EMTR","Composite Effective Marginal Tax Rate","2017","2017",8.974,,
"SGP","Singapore","LOW","Low interest and inflation rates","COMPOSITE_EMTR","Composite Effective Marginal Tax Rate","2018","2018",8.974,,
"SGP","Singapore","LOW","Low interest and inflation rates","COMPOSITE_EMTR","Composite Effective Marginal Tax Rate","2019","2019",8.974,,
"SGP","Singapore","LOW","Low interest and inflation rates","COMPOSITE_EMTR","Composite Effective Marginal Tax Rate","2020","2020",8.974,,
"SVN","Slovenia","LOW","Low interest and inflation rates","COMPOSITE_EATR","Composite Effective Average Tax Rate","2017","2017",17.501,,
"SVN","Slovenia","LOW","Low interest and inflation rates","COMPOSITE_EATR","Composite Effective Average Tax Rate","2018","2018",17.501,,
"SVN","Slovenia","LOW","Low interest and inflation rates","COMPOSITE_EATR","Composite Effective Average Tax Rate","2019","2019",17.501,,
"SVN","Slovenia","LOW","Low interest and inflation rates","COMPOSITE_EATR","Composite Effective Average Tax Rate","2020","2020",17.501,,
"SVN","Slovenia","LOW","Low interest and inflation rates","COMPOSITE_EMTR","Composite Effective Marginal Tax Rate","2017","2017",7.885,,
"SVN","Slovenia","LOW","Low interest and inflation rates","COMPOSITE_EMTR","Composite Effective Marginal Tax Rate","2018","2018",7.885,,
"SVN","Slovenia","LOW","Low interest and inflation rates","COMPOSITE_EMTR","Composite Effective Marginal Tax Rate","2019","2019",7.885,,
"SVN","Slovenia","LOW","Low interest and inflation rates","COMPOSITE_EMTR","Composite Effective Marginal Tax Rate","2020","2020",7.885,,
"ZAF","South Africa","LOW","Low interest and inflation rates","COMPOSITE_EATR","Composite Effective Average Tax Rate","2017","2017",25.804,,
"ZAF","South Africa","LOW","Low interest and inflation rates","COMPOSITE_EATR","Composite Effective Average Tax Rate","2018","2018",25.804,,
"ZAF","South Africa","LOW","Low interest and inflation rates","COMPOSITE_EATR","Composite Effective Average Tax Rate","2019","2019",25.804,,
"ZAF","South Africa","LOW","Low interest and inflation rates","COMPOSITE_EATR","Composite Effective Average Tax Rate","2020","2020",25.804,,
"ZAF","South Africa","LOW","Low interest and inflation rates","COMPOSITE_EMTR","Composite Effective Marginal Tax Rate","2017","2017",9.816,,
"ZAF","South Africa","LOW","Low interest and inflation rates","COMPOSITE_EMTR","Composite Effective Marginal Tax Rate","2018","2018",9.816,,
"ZAF","South Africa","LOW","Low interest and inflation rates","COMPOSITE_EMTR","Composite Effective Marginal Tax Rate","2019","2019",9.816,,
"ZAF","South Africa","LOW","Low interest and inflation rates","COMPOSITE_EMTR","Composite Effective Marginal Tax Rate","2020","2020",9.816,,
"THA","Thailand","LOW","Low interest and inflation rates","COMPOSITE_EATR","Composite Effective Average Tax Rate","2017","2017",19.609,,
"THA","Thailand","LOW","Low interest and inflation rates","COMPOSITE_EATR","Composite Effective Average Tax Rate","2018","2018",19.609,,
"THA","Thailand","LOW","Low interest and inflation rates","COMPOSITE_EATR","Composite Effective Average Tax Rate","2019","2019",19.609,,
"THA","Thailand","LOW","Low interest and inflation rates","COMPOSITE_EATR","Composite Effective Average Tax Rate","2020","2020",19.609,,
"THA","Thailand","LOW","Low interest and inflation rates","COMPOSITE_EMTR","Composite Effective Marginal Tax Rate","2017","2017",13.594,,
"THA","Thailand","LOW","Low interest and inflation rates","COMPOSITE_EMTR","Composite Effective Marginal Tax Rate","2018","2018",13.594,,
"THA","Thailand","LOW","Low interest and inflation rates","COMPOSITE_EMTR","Composite Effective Marginal Tax Rate","2019","2019",13.594,,
"THA","Thailand","LOW","Low interest and inflation rates","COMPOSITE_EMTR","Composite Effective Marginal Tax Rate","2020","2020",13.594,,
"TCA","Turks and Caicos Islands","LOW","Low interest and inflation rates","COMPOSITE_EATR","Composite Effective Average Tax Rate","2017","2017",0,,
"TCA","Turks and Caicos Islands","LOW","Low interest and inflation rates","COMPOSITE_EATR","Composite Effective Average Tax Rate","2018","2018",0,,
"TCA","Turks and Caicos Islands","LOW","Low interest and inflation rates","COMPOSITE_EATR","Composite Effective Average Tax Rate","2019","2019",0,,
"TCA","Turks and Caicos Islands","LOW","Low interest and inflation rates","COMPOSITE_EATR","Composite Effective Average Tax Rate","2020","2020",0,,
"TCA","Turks and Caicos Islands","LOW","Low interest and inflation rates","COMPOSITE_EMTR","Composite Effective Marginal Tax Rate","2017","2017",0,,
"TCA","Turks and Caicos Islands","LOW","Low interest and inflation rates","COMPOSITE_EMTR","Composite Effective Marginal Tax Rate","2018","2018",0,,
"TCA","Turks and Caicos Islands","LOW","Low interest and inflation rates","COMPOSITE_EMTR","Composite Effective Marginal Tax Rate","2019","2019",0,,
"TCA","Turks and Caicos Islands","LOW","Low interest and inflation rates","COMPOSITE_EMTR","Composite Effective Marginal Tax Rate","2020","2020",0,,
"MAC","Macau, China","LOW","Low interest and inflation rates","COMPOSITE_EATR","Composite Effective Average Tax Rate","2017","2017",11.26,,
"MAC","Macau, China","LOW","Low interest and inflation rates","COMPOSITE_EATR","Composite Effective Average Tax Rate","2018","2018",11.26,,
"MAC","Macau, China","LOW","Low interest and inflation rates","COMPOSITE_EATR","Composite Effective Average Tax Rate","2019","2019",11.26,,
"MAC","Macau, China","LOW","Low interest and inflation rates","COMPOSITE_EATR","Composite Effective Average Tax Rate","2020","2020",11.26,,
"MAC","Macau, China","LOW","Low interest and inflation rates","COMPOSITE_EMTR","Composite Effective Marginal Tax Rate","2017","2017",6.727,,
"MAC","Macau, China","LOW","Low interest and inflation rates","COMPOSITE_EMTR","Composite Effective Marginal Tax Rate","2018","2018",6.727,,
"MAC","Macau, China","LOW","Low interest and inflation rates","COMPOSITE_EMTR","Composite Effective Marginal Tax Rate","2019","2019",6.727,,
"MAC","Macau, China","LOW","Low interest and inflation rates","COMPOSITE_EMTR","Composite Effective Marginal Tax Rate","2020","2020",6.727,,
"GGY","Guernsey","LOW","Low interest and inflation rates","COMPOSITE_EATR","Composite Effective Average Tax Rate","2017","2017",0,,
"GGY","Guernsey","LOW","Low interest and inflation rates","COMPOSITE_EATR","Composite Effective Average Tax Rate","2018","2018",0,,
"GGY","Guernsey","LOW","Low interest and inflation rates","COMPOSITE_EATR","Composite Effective Average Tax Rate","2019","2019",0,,
"GGY","Guernsey","LOW","Low interest and inflation rates","COMPOSITE_EATR","Composite Effective Average Tax Rate","2020","2020",0,,
"GGY","Guernsey","LOW","Low interest and inflation rates","COMPOSITE_EMTR","Composite Effective Marginal Tax Rate","2017","2017",0,,
"GGY","Guernsey","LOW","Low interest and inflation rates","COMPOSITE_EMTR","Composite Effective Marginal Tax Rate","2018","2018",0,,
"GGY","Guernsey","LOW","Low interest and inflation rates","COMPOSITE_EMTR","Composite Effective Marginal Tax Rate","2019","2019",0,,
"GGY","Guernsey","LOW","Low interest and inflation rates","COMPOSITE_EMTR","Composite Effective Marginal Tax Rate","2020","2020",0,,
"IMN","Isle of Man","LOW","Low interest and inflation rates","COMPOSITE_EATR","Composite Effective Average Tax Rate","2017","2017",0,,
"IMN","Isle of Man","LOW","Low interest and inflation rates","COMPOSITE_EATR","Composite Effective Average Tax Rate","2018","2018",0,,
"IMN","Isle of Man","LOW","Low interest and inflation rates","COMPOSITE_EATR","Composite Effective Average Tax Rate","2019","2019",0,,
"IMN","Isle of Man","LOW","Low interest and inflation rates","COMPOSITE_EATR","Composite Effective Average Tax Rate","2020","2020",0,,
"IMN","Isle of Man","LOW","Low interest and inflation rates","COMPOSITE_EMTR","Composite Effective Marginal Tax Rate","2017","2017",0,,
"IMN","Isle of Man","LOW","Low interest and inflation rates","COMPOSITE_EMTR","Composite Effective Marginal Tax Rate","2018","2018",0,,
"IMN","Isle of Man","LOW","Low interest and inflation rates","COMPOSITE_EMTR","Composite Effective Marginal Tax Rate","2019","2019",0,,
"IMN","Isle of Man","LOW","Low interest and inflation rates","COMPOSITE_EMTR","Composite Effective Marginal Tax Rate","2020","2020",0,,
"JEY","Jersey","LOW","Low interest and inflation rates","COMPOSITE_EATR","Composite Effective Average Tax Rate","2017","2017",0,,
"JEY","Jersey","LOW","Low interest and inflation rates","COMPOSITE_EATR","Composite Effective Average Tax Rate","2018","2018",0,,
"JEY","Jersey","LOW","Low interest and inflation rates","COMPOSITE_EATR","Composite Effective Average Tax Rate","2019","2019",0,,
"JEY","Jersey","LOW","Low interest and inflation rates","COMPOSITE_EATR","Composite Effective Average Tax Rate","2020","2020",0,,
"JEY","Jersey","LOW","Low interest and inflation rates","COMPOSITE_EMTR","Composite Effective Marginal Tax Rate","2017","2017",0,,
"JEY","Jersey","LOW","Low interest and inflation rates","COMPOSITE_EMTR","Composite Effective Marginal Tax Rate","2018","2018",0,,
"JEY","Jersey","LOW","Low interest and inflation rates","COMPOSITE_EMTR","Composite Effective Marginal Tax Rate","2019","2019",0,,
"JEY","Jersey","LOW","Low interest and inflation rates","COMPOSITE_EMTR","Composite Effective Marginal Tax Rate","2020","2020",0,,
"CUW","Curacao","LOW","Low interest and inflation rates","COMPOSITE_EATR","Composite Effective Average Tax Rate","2017","2017",21.156,,
"CUW","Curacao","LOW","Low interest and inflation rates","COMPOSITE_EATR","Composite Effective Average Tax Rate","2018","2018",21.156,,
"CUW","Curacao","LOW","Low interest and inflation rates","COMPOSITE_EATR","Composite Effective Average Tax Rate","2019","2019",21.156,,
"CUW","Curacao","LOW","Low interest and inflation rates","COMPOSITE_EATR","Composite Effective Average Tax Rate","2020","2020",21.156,,
"CUW","Curacao","LOW","Low interest and inflation rates","COMPOSITE_EMTR","Composite Effective Marginal Tax Rate","2017","2017",14.757,,
"CUW","Curacao","LOW","Low interest and inflation rates","COMPOSITE_EMTR","Composite Effective Marginal Tax Rate","2018","2018",14.757,,
"CUW","Curacao","LOW","Low interest and inflation rates","COMPOSITE_EMTR","Composite Effective Marginal Tax Rate","2019","2019",14.757,,
"CUW","Curacao","LOW","Low interest and inflation rates","COMPOSITE_EMTR","Composite Effective Marginal Tax Rate","2020","2020",14.757,,
"AGO","Angola","LOW","Low interest and inflation rates","COMPOSITE_EATR","Composite Effective Average Tax Rate","2017","2017",27.494,,
"AGO","Angola","LOW","Low interest and inflation rates","COMPOSITE_EATR","Composite Effective Average Tax Rate","2018","2018",27.494,,
"AGO","Angola","LOW","Low interest and inflation rates","COMPOSITE_EATR","Composite Effective Average Tax Rate","2019","2019",27.494,,
"AGO","Angola","LOW","Low interest and inflation rates","COMPOSITE_EATR","Composite Effective Average Tax Rate","2020","2020",27.494,,
"AGO","Angola","LOW","Low interest and inflation rates","COMPOSITE_EMTR","Composite Effective Marginal Tax Rate","2017","2017",9.925,,
"AGO","Angola","LOW","Low interest and inflation rates","COMPOSITE_EMTR","Composite Effective Marginal Tax Rate","2018","2018",9.925,,
"AGO","Angola","LOW","Low interest and inflation rates","COMPOSITE_EMTR","Composite Effective Marginal Tax Rate","2019","2019",9.925,,
"AGO","Angola","LOW","Low interest and inflation rates","COMPOSITE_EMTR","Composite Effective Marginal Tax Rate","2020","2020",9.925,,
"COL","Colombia","LOW","Low interest and inflation rates","COMPOSITE_EATR","Composite Effective Average Tax Rate","2017","2017",37.384,,
"COL","Colombia","LOW","Low interest and inflation rates","COMPOSITE_EATR","Composite Effective Average Tax Rate","2018","2018",34.809,,
"COL","Colombia","LOW","Low interest and inflation rates","COMPOSITE_EATR","Composite Effective Average Tax Rate","2019","2019",31.046,,
"COL","Colombia","LOW","Low interest and inflation rates","COMPOSITE_EATR","Composite Effective Average Tax Rate","2020","2020",30.105,,
"COL","Colombia","LOW","Low interest and inflation rates","COMPOSITE_EMTR","Composite Effective Marginal Tax Rate","2017","2017",17.029,,
"COL","Colombia","LOW","Low interest and inflation rates","COMPOSITE_EMTR","Composite Effective Marginal Tax Rate","2018","2018",18.26,,
"COL","Colombia","LOW","Low interest and inflation rates","COMPOSITE_EMTR","Composite Effective Marginal Tax Rate","2019","2019",16.949,,
"COL","Colombia","LOW","Low interest and inflation rates","COMPOSITE_EMTR","Composite Effective Marginal Tax Rate","2020","2020",16.578,,
"SWZ","Eswatini","LOW","Low interest and inflation rates","COMPOSITE_EATR","Composite Effective Average Tax Rate","2017","2017",25.699,,
"SWZ","Eswatini","LOW","Low interest and inflation rates","COMPOSITE_EATR","Composite Effective Average Tax Rate","2018","2018",25.699,,
"SWZ","Eswatini","LOW","Low interest and inflation rates","COMPOSITE_EATR","Composite Effective Average Tax Rate","2019","2019",25.699,,
"SWZ","Eswatini","LOW","Low interest and inflation rates","COMPOSITE_EATR","Composite Effective Average Tax Rate","2020","2020",25.699,,
"SWZ","Eswatini","LOW","Low interest and inflation rates","COMPOSITE_EMTR","Composite Effective Marginal Tax Rate","2017","2017",11.49,,
"SWZ","Eswatini","LOW","Low interest and inflation rates","COMPOSITE_EMTR","Composite Effective Marginal Tax Rate","2018","2018",11.49,,
"SWZ","Eswatini","LOW","Low interest and inflation rates","COMPOSITE_EMTR","Composite Effective Marginal Tax Rate","2019","2019",11.49,,
"SWZ","Eswatini","LOW","Low interest and inflation rates","COMPOSITE_EMTR","Composite Effective Marginal Tax Rate","2020","2020",11.49,,
